Nombre Departamento;Nombre Municipio;Longitud;Latitud
ANTIOQUIA;MEDELLÍN;-75,5760017134;6,24858636743
ANTIOQUIA;ABEJORRAL;-75,4287403904;5,78930111433
ANTIOQUIA;ABRIAQUÍ;-76,0642948678;6,63228195504
ANTIOQUIA;ALEJANDRÍA;-75,141334501;6,37606264274
ANTIOQUIA;AMAGÁ;-75,7019483389;6,03880842381
ANTIOQUIA;AMALFI;-75,0774749239;6,90967360478
ANTIOQUIA;ANDES;-75,878794075;5,65676971311
ANTIOQUIA;ANGELÓPOLIS;-75,7113533837;6,10961277767
ANTIOQUIA;ANGOSTURA;-75,3351091186;6,88518441484
ANTIOQUIA;ANORÍ;-75,1483449609;7,07471004137
ANTIOQUIA;SANTA FÉ DE ANTIOQUIA;-75,8270783216;6,55653286033
ANTIOQUIA;ANZÁ;-75,854448759;6,3026667644
ANTIOQUIA;APARTADÓ;-76,6258909217;7,88325108195
ANTIOQUIA;ARBOLETES;-76,4266581639;8,84991827334
ANTIOQUIA;ARGELIA;-75,1410633595;5,73147922832
ANTIOQUIA;ARMENIA;-75,7866245369;6,15567240561
ANTIOQUIA;BARBOSA;-75,3316403017;6,4392260115
ANTIOQUIA;BELMIRA;-75,6673737242;6,60615865921
ANTIOQUIA;BELLO;-75,5546673053;6,33406558292
ANTIOQUIA;BETANIA;-75,9767139414;5,74619656152
ANTIOQUIA;BETULIA;-75,9845155699;6,11525553285
ANTIOQUIA;CIUDAD BOLÍVAR;-76,0215106815;5,85027282845
ANTIOQUIA;BRICEÑO;-75,550356304;7,11280551402
ANTIOQUIA;BURITICÁ;-75,9070561536;6,72064775464
ANTIOQUIA;CÁCERES;-75,3523573153;7,57831474335
ANTIOQUIA;CAICEDO;-75,9828123649;6,40556397358
ANTIOQUIA;CALDAS;-75,6336168248;6,09129760323
ANTIOQUIA;CAMPAMENTO;-75,298084784;6,97977648289
ANTIOQUIA;CAÑASGORDAS;-76,0282237214;6,7538443832
ANTIOQUIA;CARACOLÍ;-74,7574542879;6,40985175825
ANTIOQUIA;CARAMANTA;-75,6438712654;5,54853427166
ANTIOQUIA;CAREPA;-76,653210744;7,75511548219
ANTIOQUIA;EL CARMEN DE VIBORAL;-75,3342620232;6,08347326731
ANTIOQUIA;CAROLINA;-75,2831680463;6,72597625966
ANTIOQUIA;CAUCASIA;-75,1982784645;7,97734097812
ANTIOQUIA;CHIGORODÓ;-76,6812146131;7,66630069082
ANTIOQUIA;CISNEROS;-75,0872051341;6,53776304826
ANTIOQUIA;COCORNÁ;-75,1854817244;6,05830616761
ANTIOQUIA;CONCEPCIÓN;-75,257601243;6,39435397644
ANTIOQUIA;CONCORDIA;-75,9084535194;6,04608659615
ANTIOQUIA;COPACABANA;-75,5093435119;6,34863947056
ANTIOQUIA;DABEIBA;-76,2616178227;6,99811575168
ANTIOQUIA;DONMATÍAS;-75,3926751288;6,48560723899
ANTIOQUIA;EBÉJICO;-75,7662136607;6,32605663471
ANTIOQUIA;EL BAGRE;-74,7990970119;7,5975218855
ANTIOQUIA;ENTRERRÍOS;-75,517805693;6,56648234736
ANTIOQUIA;ENVIGADO;-75,5830089369;6,16700589298
ANTIOQUIA;FREDONIA;-75,6750932516;5,9280855467
ANTIOQUIA;FRONTINO;-76,1307652118;6,77606285319
ANTIOQUIA;GIRALDO;-75,9521573015;6,68080793863
ANTIOQUIA;GIRARDOTA;-75,4444597681;6,37961535607
ANTIOQUIA;GÓMEZ PLATA;-75,2200360918;6,68327964232
ANTIOQUIA;GRANADA;-75,1844500639;6,1429023597
ANTIOQUIA;GUADALUPE;-75,2398564806;6,81506996357
ANTIOQUIA;GUARNE;-75,4416535712;6,27802696108
ANTIOQUIA;GUATAPÉ;-75,1600208818;6,23240969843
ANTIOQUIA;HELICONIA;-75,7343322889;6,20676229056
ANTIOQUIA;HISPANIA;-75,906590966;5,79946280832
ANTIOQUIA;ITAGÜÍ;-75,6120815283;6,174929734
ANTIOQUIA;ITUANGO;-75,7646752276;7,17163748398
ANTIOQUIA;JARDÍN;-75,8189807815;5,59753984677
ANTIOQUIA;JERICÓ;-75,7855038531;5,78974203756
ANTIOQUIA;LA CEJA;-75,4294329272;6,02805465836
ANTIOQUIA;LA ESTRELLA;-75,645190382;6,15841993
ANTIOQUIA;LA PINTADA;-75,6078057481;5,74380769651
ANTIOQUIA;LA UNIÓN;-75,3608622911;5,97387113417
ANTIOQUIA;LIBORINA;-75,8128326075;6,67732537607
ANTIOQUIA;MACEO;-74,7871571162;6,55211468066
ANTIOQUIA;MARINILLA;-75,3394598367;6,17404951538
ANTIOQUIA;MONTEBELLO;-75,5235098947;5,94632388294
ANTIOQUIA;MURINDÓ;-76,8174595267;6,97768956086
ANTIOQUIA;MUTATÁ;-76,4358758959;7,24287193339
ANTIOQUIA;NARIÑO;-75,1762617711;5,61077722195
ANTIOQUIA;NECOCLÍ;-76,784574497;8,426136098
ANTIOQUIA;NECHÍ;-74,7764699611;8,09412977783
ANTIOQUIA;OLAYA;-75,8118744168;6,62660499706
ANTIOQUIA;PEÑOL;-75,2428178132;6,21945021233
ANTIOQUIA;PEQUE;-75,9103556989;7,02103925848
ANTIOQUIA;PUEBLORRICO;-75,8397134748;5,79168858961
ANTIOQUIA;PUERTO BERRÍO;-74,4099459786;6,48703921007
ANTIOQUIA;PUERTO NARE;-74,5830116056;6,18602382303
ANTIOQUIA;PUERTO TRIUNFO;-74,6412656382;5,87120719689
ANTIOQUIA;REMEDIOS;-74,6980471636;7,02939076621
ANTIOQUIA;RETIRO;-75,5013756659;6,06338107129
ANTIOQUIA;RIONEGRO;-75,3767667557;6,1472245313
ANTIOQUIA;SABANALARGA;-75,8166459364;6,85002081371
ANTIOQUIA;SABANETA;-75,6155845416;6,15096981767
ANTIOQUIA;SALGAR;-75,982048544;5,965640311
ANTIOQUIA;SAN ANDRÉS DE CUERQUÍA;-75,6747339859;6,91680279924
ANTIOQUIA;SAN CARLOS;-74,9879605158;6,18798980145
ANTIOQUIA;SAN FRANCISCO;-75,1015695493;5,96362010537
ANTIOQUIA;SAN JERÓNIMO;-75,7270000843;6,44806585636
ANTIOQUIA;SAN JOSÉ DE LA MONTAÑA;-75,6833564182;6,85008880044
ANTIOQUIA;SAN JUAN DE URABÁ;-76,5288010416;8,75934428139
ANTIOQUIA;SAN LUIS;-74,9936401255;6,04298332565
ANTIOQUIA;SAN PEDRO DE LOS MILAGROS;-75,5567189241;6,46013808244
ANTIOQUIA;SAN PEDRO DE URABÁ;-76,3805785791;8,27688468914
ANTIOQUIA;SAN RAFAEL;-75,0279828807;6,29375698332
ANTIOQUIA;SAN ROQUE;-75,0191661484;6,48594047044
ANTIOQUIA;SAN VICENTE FERRER;-75,3326113811;6,28215220866
ANTIOQUIA;SANTA BÁRBARA;-75,5673548634;5,87554181135
ANTIOQUIA;SANTA ROSA DE OSOS;-75,460740037;6,64332643406
ANTIOQUIA;SANTO DOMINGO;-75,1649580592;6,47283350377
ANTIOQUIA;EL SANTUARIO;-75,2654679804;6,13685720436
ANTIOQUIA;SEGOVIA;-74,701588722;7,07963898594
ANTIOQUIA;SONSÓN;-75,3093960124;5,7148075835
ANTIOQUIA;SOPETRÁN;-75,7472528656;6,50099259435
ANTIOQUIA;TÁMESIS;-75,7143199749;5,66446916892
ANTIOQUIA;TARAZÁ;-75,4014092118;7,58011943984
ANTIOQUIA;TARSO;-75,8229504893;5,86455255901
ANTIOQUIA;TITIRIBÍ;-75,791888749;6,06239757787
ANTIOQUIA;TOLEDO;-75,6914357609;7,01015899618
ANTIOQUIA;TURBO;-76,7291596582;8,08911317497
ANTIOQUIA;URAMITA;-76,1734055678;6,89849767647
ANTIOQUIA;URRAO;-76,1339511488;6,31731976564
ANTIOQUIA;VALDIVIA;-75,4391982543;7,1653440936
ANTIOQUIA;VALPARAÍSO;-75,6244635468;5,6145548154
ANTIOQUIA;VEGACHÍ;-74,7987268739;6,77345020849
ANTIOQUIA;VENECIA;-75,7355000679;5,96473060641
ANTIOQUIA;VIGÍA DEL FUERTE;-76,8961862476;6,58812341865
ANTIOQUIA;YALÍ;-74,8400531922;6,67657240531
ANTIOQUIA;YARUMAL;-75,4188327746;6,96387109143
ANTIOQUIA;YOLOMBÓ;-75,0133479509;6,59459588827
ANTIOQUIA;YONDÓ;-73,9124567851;7,00394143169
ANTIOQUIA;ZARAGOZA;-74,8670728872;7,48858244262
ATLÁNTICO;BARRANQUILLA;-74,8132169683;10,9783195607
ATLÁNTICO;BARANOA;-74,916106093;10,7948815688
ATLÁNTICO;CAMPO DE LA CRUZ;-74,8808535392;10,3782957218
ATLÁNTICO;CANDELARIA;-74,8799120495;10,4612089848
ATLÁNTICO;GALAPA;-74,8703439389;10,9191614915
ATLÁNTICO;JUAN DE ACOSTA;-75,0406070886;10,8323387608
ATLÁNTICO;LURUACO;-75,1422887632;10,6111248118
ATLÁNTICO;MALAMBO;-74,7748637454;10,856822692
ATLÁNTICO;MANATÍ;-74,9570353895;10,4489620358
ATLÁNTICO;PALMAR DE VARELA;-74,7547589307;10,7385825597
ATLÁNTICO;PIOJÓ;-75,1074681737;10,7493431731
ATLÁNTICO;POLONUEVO;-74,8531024212;10,7771663073
ATLÁNTICO;PONEDERA;-74,7539006043;10,6417959018
ATLÁNTICO;PUERTO COLOMBIA;-74,851963055;11,022939949
ATLÁNTICO;REPELÓN;-75,1254822303;10,4933403213
ATLÁNTICO;SABANAGRANDE;-74,7585063109;10,7910757719
ATLÁNTICO;SABANALARGA;-74,9210950072;10,6328326108
ATLÁNTICO;SANTA LUCÍA;-74,9592075848;10,3243082813
ATLÁNTICO;SANTO TOMÁS;-74,7577207286;10,7587230349
ATLÁNTICO;SOLEDAD;-74,7848339582;10,9101742784
ATLÁNTICO;SUAN;-74,8816874004;10,3354309226
ATLÁNTICO;TUBARÁ;-74,9786801062;10,8736512946
ATLÁNTICO;USIACURÍ;-74,9769840969;10,742979811
BOGOTÁ D.C.;BOGOTÁ D.C.;-74,106715324;4,64993705899
BOLÍVAR;CARTAGENA DE INDIAS;-75,4964264795;10,3849883546
BOLÍVAR;ACHÍ;-74,5575205453;8,56945622216
BOLÍVAR;ALTOS DEL ROSARIO;-74,1650526808;8,79160326038
BOLÍVAR;ARENAL;-73,9411210687;8,45862922844
BOLÍVAR;ARJONA;-75,3444876588;10,256630539
BOLÍVAR;ARROYOHONDO;-75,019214913;10,250075878
BOLÍVAR;BARRANCO DE LOBA;-74,105224848;8,94773040932
BOLÍVAR;CALAMAR;-74,9161222621;10,2503611819
BOLÍVAR;CANTAGALLO;-73,9146507991;7,37831394834
BOLÍVAR;CICUCO;-74,645585537;9,27456085808
BOLÍVAR;CÓRDOBA;-74,8274640871;9,58690944657
BOLÍVAR;CLEMENCIA;-75,3285123927;10,5675414931
BOLÍVAR;EL CARMEN DE BOLÍVAR;-75,1212066427;9,71861199322
BOLÍVAR;EL GUAMO;-74,9761147368;10,0309150057
BOLÍVAR;EL PEÑÓN;-73,9494279539;8,98822535038
BOLÍVAR;HATILLO DE LOBA;-74,0783633089;8,95561446403
BOLÍVAR;MAGANGUÉ;-74,7667304396;9,26381346247
BOLÍVAR;MAHATES;-75,1913392756;10,2332538997
BOLÍVAR;MARGARITA;-74,280926824;9,155517395
BOLÍVAR;MARÍA LA BAJA;-75,3007611748;9,98264680271
BOLÍVAR;MONTECRISTO;-74,4714158637;8,29724472765
BOLÍVAR;MOMPÓS;-74,4278652943;9,24388275745
BOLÍVAR;MORALES;-73,8681407138;8,27630560493
BOLÍVAR;NOROSÍ;-74,0380603025;8,52597866614
BOLÍVAR;PINILLOS;-74,4624038627;8,91545237529
BOLÍVAR;REGIDOR;-73,8216376256;8,66625814425
BOLÍVAR;RÍO VIEJO;-73,8399447912;8,587628771
BOLÍVAR;SAN CRISTÓBAL;-75,065534552;10,3928556679
BOLÍVAR;SAN ESTANISLAO;-75,1532584252;10,3984770306
BOLÍVAR;SAN FERNANDO;-74,3238659855;9,21417846743
BOLÍVAR;SAN JACINTO;-75,1210906283;9,8302177331
BOLÍVAR;SAN JACINTO DEL CAUCA;-74,7208279737;8,25173769531
BOLÍVAR;SAN JUAN NEPOMUCENO;-75,081354128;9,95345322129
BOLÍVAR;SAN MARTÍN DE LOBA;-74,0390124624;8,93709261013
BOLÍVAR;SAN PABLO;-73,9241717171;7,47671911473
BOLÍVAR;SANTA CATALINA;-75,2877605206;10,6050569813
BOLÍVAR;SANTA ROSA;-75,369832134;10,4443941775
BOLÍVAR;SANTA ROSA DEL SUR;-74,0518401571;7,96287055719
BOLÍVAR;SIMITÍ;-73,9467782481;7,95442830168
BOLÍVAR;SOPLAVIENTO;-75,1364262581;10,3884564354
BOLÍVAR;TALAIGUA NUEVO;-74,5674682776;9,30401724098
BOLÍVAR;TIQUISIO;-74,2635456215;8,55774228977
BOLÍVAR;TURBACO;-75,424409165;10,332772802
BOLÍVAR;TURBANÁ;-75,4425018865;10,2744001934
BOLÍVAR;VILLANUEVA;-75,2751686679;10,4443304246
BOLÍVAR;ZAMBRANO;-74,8180006807;9,74628103898
BOYACÁ;TUNJA;-73,3554896602;5,5399515492
BOYACÁ;ALMEIDA;-73,378935594;4,97085237348
BOYACÁ;AQUITANIA;-72,8839843241;5,51860567807
BOYACÁ;ARCABUCO;-73,4375431565;5,75546754184
BOYACÁ;BELÉN;-72,9116162763;5,98928041246
BOYACÁ;BERBEO;-73,1270304656;5,22728677682
BOYACÁ;BETÉITIVA;-72,809032309;5,90990555091
BOYACÁ;BOAVITA;-72,5849675798;6,33065368603
BOYACÁ;BOYACÁ;-73,3623009748;5,45423551545
BOYACÁ;BRICEÑO;-73,9232607965;5,6908769735
BOYACÁ;BUENAVISTA;-73,9423004687;5,51242923727
BOYACÁ;BUSBANZÁ;-72,8841622923;5,83139321087
BOYACÁ;CALDAS;-73,865542982;5,55457589379
BOYACÁ;CAMPOHERMOSO;-73,104168327;5,03166002315
BOYACÁ;CERINZA;-72,9482718544;5,95603263546
BOYACÁ;CHINAVITA;-73,3684756833;5,16748347348
BOYACÁ;CHIQUINQUIRÁ;-73,8183869915;5,61412836353
BOYACÁ;CHISCAS;-72,5016808693;6,5534158413
BOYACÁ;CHITA;-72,471892654;6,18708569854
BOYACÁ;CHITARAQUE;-73,4471010235;6,02742601824
BOYACÁ;CHIVATÁ;-73,2825292916;5,55894934359
BOYACÁ;CIÉNEGA;-73,296061354;5,40870037319
BOYACÁ;CÓMBITA;-73,3239523652;5,63454905762
BOYACÁ;COPER;-74,0454584503;5,47498409448
BOYACÁ;CORRALES;-72,8447949701;5,82810438505
BOYACÁ;COVARACHÍA;-72,7389763109;6,50018289986
BOYACÁ;CUBARÁ;-72,1079447106;6,99726745104
BOYACÁ;CUCAITA;-73,4543383107;5,54445121651
BOYACÁ;CUÍTIVA;-72,9659185304;5,58036631554
BOYACÁ;CHÍQUIZA;-73,4851277444;5,60541181948
BOYACÁ;CHIVOR;-73,366893755;4,88778166
BOYACÁ;DUITAMA;-73,030610836;5,82298464605
BOYACÁ;EL COCUY;-72,4447300399;6,40771564853
BOYACÁ;EL ESPINO;-72,4970129087;6,48303062085
BOYACÁ;FIRAVITOBA;-72,9933618342;5,66892506903
BOYACÁ;FLORESTA;-72,9181118071;5,85952057405
BOYACÁ;GACHANTIVÁ;-73,5490931245;5,75188848507
BOYACÁ;GÁMEZA;-72,8055270159;5,80233579091
BOYACÁ;GARAGOA;-73,3644267841;5,08324283869
BOYACÁ;GUACAMAYAS;-72,5008156901;6,45966545849
BOYACÁ;GUATEQUE;-73,4712060695;5,0073212036
BOYACÁ;GUAYATÁ;-73,4896957862;4,9671242815
BOYACÁ;GÜICÁN DE LA SIERRA;-72,411765819;6,46285998881
BOYACÁ;IZA;-72,9795593407;5,61157775921
BOYACÁ;JENESANO;-73,3638083915;5,3857721813
BOYACÁ;JERICÓ;-72,5711238428;6,14575069674
BOYACÁ;LABRANZAGRANDE;-72,5777694431;5,56268780724
BOYACÁ;LA CAPILLA;-73,4443470863;5,09568803762
BOYACÁ;LA VICTORIA;-74,2343971323;5,5237945994
BOYACÁ;LA UVITA;-72,5599870419;6,3162062521
BOYACÁ;VILLA DE LEYVA;-73,5246858959;5,63265703354
BOYACÁ;MACANAL;-73,3196492275;4,97246523201
BOYACÁ;MARIPÍ;-74,0040590487;5,55008773144
BOYACÁ;MIRAFLORES;-73,1456279863;5,19651615513
BOYACÁ;MONGUA;-72,7981001021;5,75423927382
BOYACÁ;MONGUÍ;-72,8492622931;5,72340786063
BOYACÁ;MONIQUIRÁ;-73,5733706158;5,87633305531
BOYACÁ;MOTAVITA;-73,3678389344;5,57770072028
BOYACÁ;MUZO;-74,1027542999;5,53245722089
BOYACÁ;NOBSA;-72,939853172;5,771042607
BOYACÁ;NUEVO COLÓN;-73,4571348371;5,35514851706
BOYACÁ;OICATÁ;-73,308404103;5,59523375635
BOYACÁ;OTANCHE;-74,1809678964;5,65753554395
BOYACÁ;PACHAVITA;-73,3969550834;5,14006205365
BOYACÁ;PÁEZ;-73,0525553002;5,09789282185
BOYACÁ;PAIPA;-73,1179179167;5,77994168888
BOYACÁ;PAJARITO;-72,7032202088;5,29364101567
BOYACÁ;PANQUEBA;-72,4592015449;6,44307619932
BOYACÁ;PAUNA;-73,97844971;5,65632422107
BOYACÁ;PAYA;-72,4237755806;5,6257001331
BOYACÁ;PAZ DE RÍO;-72,7491433309;5,98764091396
BOYACÁ;PESCA;-73,0508685115;5,55881131008
BOYACÁ;PISBA;-72,4859425146;5,7216213544
BOYACÁ;PUERTO BOYACÁ;-74,5877827354;5,97664715502
BOYACÁ;QUÍPAMA;-74,1800347561;5,52055370831
BOYACÁ;RAMIRIQUÍ;-73,3348676913;5,4002211245
BOYACÁ;RÁQUIRA;-73,6325018712;5,53906792025
BOYACÁ;RONDÓN;-73,2084727551;5,35740204136
BOYACÁ;SABOYÁ;-73,7646637544;5,69773271604
BOYACÁ;SÁCHICA;-73,5426340731;5,58359189812
BOYACÁ;SAMACÁ;-73,4856416273;5,49231280648
BOYACÁ;SAN EDUARDO;-73,0777254035;5,22409747529
BOYACÁ;SAN JOSÉ DE PARE;-73,5453757662;6,01897480756
BOYACÁ;SAN LUIS DE GACENO;-73,168359454;4,81969008637
BOYACÁ;SAN MATEO;-72,5552600266;6,40168195892
BOYACÁ;SAN MIGUEL DE SEMA;-73,7220038544;5,51808577641
BOYACÁ;SAN PABLO DE BORBUR;-74,0699641591;5,65067434872
BOYACÁ;SANTANA;-73,481231213;6,05741393498
BOYACÁ;SANTA MARÍA;-73,2635138961;4,85719292711
BOYACÁ;SANTA ROSA DE VITERBO;-72,9824613082;5,87455316111
BOYACÁ;SANTA SOFÍA;-73,6027094257;5,71326789499
BOYACÁ;SATIVANORTE;-72,7084627036;6,13113651918
BOYACÁ;SATIVASUR;-72,7124418159;6,09317687278
BOYACÁ;SIACHOQUE;-73,2446486951;5,51181744443
BOYACÁ;SOATÁ;-72,6840262208;6,3319109478
BOYACÁ;SOCOTÁ;-72,6366624073;6,04117646761
BOYACÁ;SOCHA;-72,6919658568;5,99671302142
BOYACÁ;SOGAMOSO;-72,9230476498;5,72568884872
BOYACÁ;SOMONDOCO;-73,4333927745;4,985727338
BOYACÁ;SORA;-73,4501549565;5,56684464415
BOYACÁ;SOTAQUIRÁ;-73,2465867116;5,76498918403
BOYACÁ;SORACÁ;-73,3328033775;5,50090450683
BOYACÁ;SUSACÓN;-72,6902910831;6,23033660169
BOYACÁ;SUTAMARCHÁN;-73,6205898779;5,61978069759
BOYACÁ;SUTATENZA;-73,4523142451;5,02298844106
BOYACÁ;TASCO;-72,7810075025;5,90981708972
BOYACÁ;TENZA;-73,4211738566;5,07677835138
BOYACÁ;TIBANÁ;-73,396456268;5,31725075558
BOYACÁ;TIBASOSA;-72,9994496769;5,74722853114
BOYACÁ;TINJACÁ;-73,6468538952;5,57971084145
BOYACÁ;TIPACOQUE;-72,693172676;6,418582881
BOYACÁ;TOCA;-73,1847912527;5,56646952357
BOYACÁ;TOGÜÍ;-73,5136559101;5,93743780547
BOYACÁ;TÓPAGA;-72,832247594;5,76819800709
BOYACÁ;TOTA;-72,9858969227;5,56050183137
BOYACÁ;TUNUNGUÁ;-73,933158144;5,730577511
BOYACÁ;TURMEQUÉ;-73,4918448747;5,32325210287
BOYACÁ;TUTA;-73,2308547731;5,68880380751
BOYACÁ;TUTAZÁ;-72,856038442;6,03261007719
BOYACÁ;ÚMBITA;-73,4569158202;5,2211724175
BOYACÁ;VENTAQUEMADA;-73,5224525403;5,36885763606
BOYACÁ;VIRACACHÁ;-73,2969005657;5,43678857653
BOYACÁ;ZETAQUIRA;-73,1709723341;5,28342464863
CALDAS;MANIZALES;-75,4910467146;5,05768733557
CALDAS;AGUADAS;-75,454871642;5,61024846724
CALDAS;ANSERMA;-75,784340784;5,23647611674
CALDAS;ARANZAZU;-75,4912889044;5,27119632374
CALDAS;BELALCÁZAR;-75,8119012073;4,99382148715
CALDAS;CHINCHINÁ;-75,6074818919;4,98581250175
CALDAS;FILADELFIA;-75,5624695597;5,29709791696
CALDAS;LA DORADA;-74,6684167053;5,46047440177
CALDAS;LA MERCED;-75,5465723441;5,3963721836
CALDAS;MANZANARES;-75,1528372887;5,25570837762
CALDAS;MARMATO;-75,6002457911;5,47400212843
CALDAS;MARQUETALIA;-75,0530937905;5,29752541271
CALDAS;MARULANDA;-75,2594017111;5,28433541214
CALDAS;NEIRA;-75,5198428283;5,16670622135
CALDAS;NORCASIA;-74,8895443807;5,57479382266
CALDAS;PÁCORA;-75,4596225837;5,52717452159
CALDAS;PALESTINA;-75,6244642214;5,01783945198
CALDAS;PENSILVANIA;-75,1603002765;5,38327868783
CALDAS;RIOSUCIO;-75,7020653762;5,42367236012
CALDAS;RISARALDA;-75,7672745412;5,16419213427
CALDAS;SALAMINA;-75,4872184576;5,40301872766
CALDAS;SAMANÁ;-74,9922442639;5,41308071675
CALDAS;SAN JOSÉ;-75,7920593314;5,08231096392
CALDAS;SUPÍA;-75,6496602648;5,44683429424
CALDAS;VICTORIA;-74,9111571246;5,31741797231
CALDAS;VILLAMARÍA;-75,513760602;5,043806686
CALDAS;VITERBO;-75,870613237;5,06266333127
CAQUETÁ;FLORENCIA;-75,6085597398;1,61792408755
CAQUETÁ;ALBANIA;-75,8783708545;1,328518696
CAQUETÁ;BELÉN DE LOS ANDAQUÍES;-75,8724736813;1,41578334458
CAQUETÁ;CARTAGENA DEL CHAIRÁ;-74,847245546;1,3331165659
CAQUETÁ;CURILLO;-75,9192010073;1,03347658287
CAQUETÁ;EL DONCELLO;-75,2835647468;1,67986937815
CAQUETÁ;EL PAUJÍL;-75,3261226748;1,57037091057
CAQUETÁ;LA MONTAÑITA;-75,4364058573;1,4791703207
CAQUETÁ;MILÁN;-75,5069587121;1,29041194077
CAQUETÁ;MORELIA;-75,7241445423;1,48661416104
CAQUETÁ;PUERTO RICO;-75,1574899204;1,90893446756
CAQUETÁ;SAN JOSÉ DEL FRAGUA;-75,9736270384;1,33009035894
CAQUETÁ;SAN VICENTE DEL CAGUÁN;-74,768675935;2,119492544
CAQUETÁ;SOLANO;-75,2537069229;0,69897426193
CAQUETÁ;SOLITA;-75,619734067;0,876668991021
CAQUETÁ;VALPARAÍSO;-75,7065851397;1,19458258545
CAUCA;POPAYÁN;-76,5988923721;2,45994897276
CAUCA;ALMAGUER;-76,8559227702;1,91336278103
CAUCA;ARGELIA;-77,2494517909;2,2567543324
CAUCA;BALBOA;-77,2158965955;2,04048647608
CAUCA;BOLÍVAR;-76,966314876;1,83741330862
CAUCA;BUENOS AIRES;-76,64227784;3,01543022433
CAUCA;CAJIBÍO;-76,5708848354;2,62334023515
CAUCA;CALDONO;-76,4844459642;2,79812829791
CAUCA;CALOTO;-76,4084869367;3,03407175083
CAUCA;CORINTO;-76,2613129114;3,17381378314
CAUCA;EL TAMBO;-76,8107676072;2,45137293838
CAUCA;FLORENCIA;-77,0725301404;1,68251705547
CAUCA;GUACHENÉ;-76,3921808995;3,13415024191
CAUCA;GUAPÍ;-77,8879701101;2,57134940647
CAUCA;INZÁ;-76,0634951224;2,54918501375
CAUCA;JAMBALÓ;-76,3238756382;2,7778396408
CAUCA;LA SIERRA;-76,7632016273;2,17932480074
CAUCA;LA VEGA;-76,7786274369;2,00178599421
CAUCA;LÓPEZ DE MICAY;-77,2476914851;2,84671477245
CAUCA;MERCADERES;-77,1641946504;1,7924236808
CAUCA;MIRANDA;-76,2285628308;3,25456871367
CAUCA;MORALES;-76,6292210027;2,75455782584
CAUCA;PADILLA;-76,3132915458;3,22084946043
CAUCA;PÁEZ;-75,971964511;2,641347053
CAUCA;PATÍA;-76,9809793181;2,11566829044
CAUCA;PIAMONTE;-76,3270881401;1,11792823066
CAUCA;PIENDAMÓ - TUNÍA;-76,5285068886;2,641987993
CAUCA;PUERTO TEJADA;-76,4173065509;3,23329388435
CAUCA;PURACÉ;-76,4965667725;2,3413936154
CAUCA;ROSAS;-76,7403500133;2,26096996661
CAUCA;SAN SEBASTIÁN;-76,7693155247;1,83837093703
CAUCA;SANTANDER DE QUILICHAO;-76,4853693048;3,0160508863
CAUCA;SANTA ROSA;-76,5739728417;1,70241741098
CAUCA;SILVIA;-76,3795694468;2,611815128
CAUCA;SOTARA;-76,6132965446;2,25313393405
CAUCA;SUÁREZ;-76,6934495691;2,95970043631
CAUCA;SUCRE;-76,9262768869;2,0382579101
CAUCA;TIMBÍO;-76,6842365775;2,34997651977
CAUCA;TIMBIQUÍ;-77,6675621458;2,77741263243
CAUCA;TORIBÍO;-76,2703068212;2,95299012669
CAUCA;TOTORÓ;-76,4036268299;2,51025062018
CAUCA;VILLA RICA;-76,4578733961;3,17757710044
CESAR;VALLEDUPAR;-73,2593904181;10,4604806696
CESAR;AGUACHICA;-73,6129927186;8,30735417168
CESAR;AGUSTÍN CODAZZI;-73,2383965158;10,040457318
CESAR;ASTREA;-73,9758629785;9,49816273938
CESAR;BECERRIL;-73,2791963317;9,70460046236
CESAR;BOSCONIA;-73,888765758;9,975094669
CESAR;CHIMICHAGUA;-73,8133298841;9,2582722175
CESAR;CHIRIGUANÁ;-73,600147529;9,36118941734
CESAR;CURUMANÍ;-73,5409854392;9,20181049336
CESAR;EL COPEY;-73,9627178522;10,1495254704
CESAR;EL PASO;-73,741788511;9,66847095606
CESAR;GAMARRA;-73,7380076768;8,32432947636
CESAR;GONZÁLEZ;-73,380042178;8,38960324723
CESAR;LA GLORIA;-73,8032098836;8,61929805971
CESAR;LA JAGUA DE IBIRICO;-73,3342269159;9,56388783532
CESAR;MANAURE BALCÓN DEL CESAR;-73,0294704117;10,3907748357
CESAR;PAILITAS;-73,6257673178;8,95939949775
CESAR;PELAYA;-73,6663564352;8,68865050982
CESAR;PUEBLO BELLO;-73,5862472969;10,4172860694
CESAR;RÍO DE ORO;-73,3863920498;8,29228968373
CESAR;LA PAZ;-73,1713617757;10,3874900073
CESAR;SAN ALBERTO;-73,3942253371;7,76082444485
CESAR;SAN DIEGO;-73,1812177024;10,333031354
CESAR;SAN MARTÍN;-73,5109750558;7,99989421258
CESAR;TAMALAMEQUE;-73,8121730964;8,86172485582
CÓRDOBA;MONTERÍA;-75,8732573059;8,75981523965
CÓRDOBA;AYAPEL;-75,1462884773;8,31444592737
CÓRDOBA;BUENAVISTA;-75,4808968789;8,22116707849
CÓRDOBA;CANALETE;-76,2413961216;8,78694391327
CÓRDOBA;CERETÉ;-75,7961971634;8,88859098259
CÓRDOBA;CHIMÁ;-75,6268945872;9,14947838025
CÓRDOBA;CHINÚ;-75,3997215182;9,10529229865
CÓRDOBA;CIÉNAGA DE ORO;-75,6207853009;8,87550305273
CÓRDOBA;COTORRA;-75,7991480544;9,03708855987
CÓRDOBA;LA APARTADA;-75,3357616802;8,04990063857
CÓRDOBA;LORICA;-75,8160972268;9,2407803614
CÓRDOBA;LOS CÓRDOBAS;-76,3551906966;8,89216246089
CÓRDOBA;MOMIL;-75,6779588318;9,24071061295
CÓRDOBA;MONTELÍBANO;-75,4168167918;7,97377871713
CÓRDOBA;MOÑITOS;-76,1293957384;9,24527627335
CÓRDOBA;PLANETA RICA;-75,5832417103;8,40820221055
CÓRDOBA;PUEBLO NUEVO;-75,5079697769;8,50400390305
CÓRDOBA;PUERTO ESCONDIDO;-76,2604107447;9,00537056386
CÓRDOBA;PUERTO LIBERTADOR;-75,6718011007;7,88883325281
CÓRDOBA;PURÍSIMA DE LA CONCEPCIÓN;-75,7248856036;9,23929988718
CÓRDOBA;SAHAGÚN;-75,4459201696;8,94312756605
CÓRDOBA;SAN ANDRÉS DE SOTAVENTO;-75,5088929562;9,14515876439
CÓRDOBA;SAN ANTERO;-75,7607741431;9,37621656532
CÓRDOBA;SAN BERNARDO DEL VIENTO;-75,9547986436;9,35228972856
CÓRDOBA;SAN CARLOS;-75,698841723;8,7991072141
CÓRDOBA;SAN JOSÉ DE URÉ;-75,5331291795;7,78718605251
CÓRDOBA;SAN PELAYO;-75,8351254915;8,95800878711
CÓRDOBA;TIERRALTA;-76,0596965689;8,17037997285
CÓRDOBA;TUCHÍN;-75,5538706654;9,18656992554
CÓRDOBA;VALENCIA;-76,150720786;8,25501643828
CUNDINAMARCA;AGUA DE DIOS;-74,6692192503;4,37531467846
CUNDINAMARCA;ALBÁN;-74,4382648986;4,87802613952
CUNDINAMARCA;ANAPOIMA;-74,5285181395;4,562955419
CUNDINAMARCA;ANOLAIMA;-74,4638356057;4,76169908987
CUNDINAMARCA;ARBELÁEZ;-74,4148233831;4,27248220101
CUNDINAMARCA;BELTRÁN;-74,7418022426;4,80281214522
CUNDINAMARCA;BITUIMA;-74,5396180099;4,87224216957
CUNDINAMARCA;BOJACÁ;-74,3445936942;4,73720453576
CUNDINAMARCA;CABRERA;-74,4845451143;3,98514461399
CUNDINAMARCA;CACHIPAY;-74,4357007521;4,73095518422
CUNDINAMARCA;CAJICÁ;-74,0234537112;4,92081005268
CUNDINAMARCA;CAPARRAPÍ;-74,4911179964;5,34794115431
CUNDINAMARCA;CÁQUEZA;-73,9464770211;4,4040950188
CUNDINAMARCA;CARMEN DE CARUPA;-73,901570514;5,34911594802
CUNDINAMARCA;CHAGUANÍ;-74,5934553124;4,9489152926
CUNDINAMARCA;CHÍA;-74,0503469604;4,86606490054
CUNDINAMARCA;CHIPAQUE;-74,0448735948;4,44267057023
CUNDINAMARCA;CHOACHÍ;-73,9228969985;4,52704366102
CUNDINAMARCA;CHOCONTÁ;-73,6835259612;5,14522357379
CUNDINAMARCA;COGUA;-73,9784922543;5,06184103042
CUNDINAMARCA;COTA;-74,1027271672;4,81298461
CUNDINAMARCA;CUCUNUBÁ;-73,7662193049;5,24976706731
CUNDINAMARCA;EL COLEGIO;-74,4426667684;4,57835941509
CUNDINAMARCA;EL PEÑÓN;-74,2901958765;5,24882650548
CUNDINAMARCA;EL ROSAL;-74,2630068618;4,85053609442
CUNDINAMARCA;FACATATIVÁ;-74,3502169563;4,81303164667
CUNDINAMARCA;FÓMEQUE;-73,8925231;4,48547472611
CUNDINAMARCA;FOSCA;-73,9390162392;4,33910044417
CUNDINAMARCA;FUNZA;-74,2014894559;4,71038172914
CUNDINAMARCA;FÚQUENE;-73,7958567831;5,40403277371
CUNDINAMARCA;FUSAGASUGÁ;-74,3754601635;4,33667468248
CUNDINAMARCA;GACHALÁ;-73,5201588297;4,69357747191
CUNDINAMARCA;GACHANCIPÁ;-73,8734668101;4,99091874874
CUNDINAMARCA;GACHETÁ;-73,6363761477;4,81641129086
CUNDINAMARCA;GAMA;-73,6110316368;4,76334094534
CUNDINAMARCA;GIRARDOT;-74,7977961492;4,31307939531
CUNDINAMARCA;GRANADA;-74,3507638172;4,51976536572
CUNDINAMARCA;GUACHETÁ;-73,6870945845;5,38374153344
CUNDINAMARCA;GUADUAS;-74,6029553866;5,07187008998
CUNDINAMARCA;GUASCA;-73,8771423949;4,86671913331
CUNDINAMARCA;GUATAQUÍ;-74,7899684165;4,5174185796
CUNDINAMARCA;GUATAVITA;-73,8329037894;4,93513630968
CUNDINAMARCA;GUAYABAL DE SÍQUIMA;-74,4674372775;4,87796944798
CUNDINAMARCA;GUAYABETAL;-73,8150933246;4,21529724505
CUNDINAMARCA;GUTIÉRREZ;-74,0030457779;4,25467590551
CUNDINAMARCA;JERUSALÉN;-74,6954162724;4,56230969976
CUNDINAMARCA;JUNÍN;-73,6629251148;4,79038167706
CUNDINAMARCA;LA CALERA;-73,967966495;4,72138578652
CUNDINAMARCA;LA MESA;-74,4615492187;4,63104312817
CUNDINAMARCA;LA PALMA;-74,3910209321;5,35881843551
CUNDINAMARCA;LA PEÑA;-74,3940946971;5,19896214326
CUNDINAMARCA;LA VEGA;-74,331153833;4,993079959
CUNDINAMARCA;LENGUAZAQUE;-73,7114939184;5,30614737724
CUNDINAMARCA;MACHETÁ;-73,6083234775;5,08019042488
CUNDINAMARCA;MADRID;-74,2637266314;4,73273240481
CUNDINAMARCA;MANTA;-73,5404981602;5,00905719083
CUNDINAMARCA;MEDINA;-73,3491229581;4,50661521497
CUNDINAMARCA;MOSQUERA;-74,2193416046;4,70701024824
CUNDINAMARCA;NARIÑO;-74,8247329958;4,39983661649
CUNDINAMARCA;NEMOCÓN;-73,8778894768;5,0687018248
CUNDINAMARCA;NILO;-74,6199683585;4,30580601104
CUNDINAMARCA;NIMAIMA;-74,3860115955;5,12602571317
CUNDINAMARCA;NOCAIMA;-74,3791125286;5,06946324832
CUNDINAMARCA;VENECIA;-74,4781884861;4,0889533173
CUNDINAMARCA;PACHO;-74,156116064;5,13694532224
CUNDINAMARCA;PAIME;-74,1522155939;5,37048460317
CUNDINAMARCA;PANDI;-74,4866421835;4,19039063967
CUNDINAMARCA;PARATEBUENO;-73,2128246502;4,37483210325
CUNDINAMARCA;PASCA;-74,3024837134;4,30905937901
CUNDINAMARCA;PUERTO SALGAR;-74,6537031753;5,46542650967
CUNDINAMARCA;PULÍ;-74,7144742699;4,68179462875
CUNDINAMARCA;QUEBRADANEGRA;-74,4801450411;5,11806886067
CUNDINAMARCA;QUETAME;-73,863113968;4,32982614634
CUNDINAMARCA;QUIPILE;-74,5337016265;4,74480125713
CUNDINAMARCA;APULO;-74,5938056203;4,52034489324
CUNDINAMARCA;RICAURTE;-74,7728657999;4,28211362022
CUNDINAMARCA;SAN ANTONIO DEL TEQUENDAMA;-74,3514505895;4,61613464307
CUNDINAMARCA;SAN BERNARDO;-74,422961919;4,1794285861
CUNDINAMARCA;SAN CAYETANO;-74,0247543795;5,33293676886
CUNDINAMARCA;SAN FRANCISCO;-74,2896710065;4,97291953172
CUNDINAMARCA;SAN JUAN DE RIOSECO;-74,6219134166;4,84757915971
CUNDINAMARCA;SASAIMA;-74,4326283935;4,96216463559
CUNDINAMARCA;SESQUILÉ;-73,7961289492;5,04472822375
CUNDINAMARCA;SIBATÉ;-74,2578772349;4,49261081381
CUNDINAMARCA;SILVANIA;-74,4055246172;4,3819448056
CUNDINAMARCA;SIMIJACA;-73,8503228188;5,5054287938
CUNDINAMARCA;SOACHA;-74,2154309452;4,57939176705
CUNDINAMARCA;SOPÓ;-73,9433295095;4,91539965901
CUNDINAMARCA;SUBACHOQUE;-74,1727096099;4,92907887681
CUNDINAMARCA;SUESCA;-73,7982887059;5,1035175118
CUNDINAMARCA;SUPATÁ;-74,2354038495;5,06161647674
CUNDINAMARCA;SUSA;-73,8140048231;5,45486633706
CUNDINAMARCA;SUTATAUSA;-73,853153077;5,24748742315
CUNDINAMARCA;TABIO;-74,0961796864;4,91720363832
CUNDINAMARCA;TAUSA;-73,8864782256;5,19655208391
CUNDINAMARCA;TENA;-74,3895411831;4,65532786239
CUNDINAMARCA;TENJO;-74,1439551406;4,87195981007
CUNDINAMARCA;TIBACUY;-74,4526612198;4,34859760533
CUNDINAMARCA;TIBIRITA;-73,5045147407;5,05227733692
CUNDINAMARCA;TOCAIMA;-74,6363056249;4,45927226504
CUNDINAMARCA;TOCANCIPÁ;-73,9120940816;4,96478385194
CUNDINAMARCA;TOPAIPÍ;-74,3006326154;5,33622359875
CUNDINAMARCA;UBALÁ;-73,5315000926;4,74752288166
CUNDINAMARCA;UBAQUE;-73,9334633747;4,4837999031
CUNDINAMARCA;VILLA DE SAN DIEGO DE UBATÉ;-73,814345661;5,30754135963
CUNDINAMARCA;UNE;-74,0251807261;4,40245072334
CUNDINAMARCA;ÚTICA;-74,4831194836;5,19058902078
CUNDINAMARCA;VERGARA;-74,3463679542;5,11730960751
CUNDINAMARCA;VIANÍ;-74,5613311936;4,87520248858
CUNDINAMARCA;VILLAGÓMEZ;-74,1951478206;5,27302546567
CUNDINAMARCA;VILLAPINZÓN;-73,5953530971;5,2164390104
CUNDINAMARCA;VILLETA;-74,4697042298;5,01279238093
CUNDINAMARCA;VIOTÁ;-74,5231620222;4,43935379121
CUNDINAMARCA;YACOPÍ;-74,3380248611;5,45928242265
CUNDINAMARCA;ZIPACÓN;-74,3795933564;4,75992897105
CUNDINAMARCA;ZIPAQUIRÁ;-73,9944757558;5,02547142431
CHOCÓ;QUIBDÓ;-76,6383968965;5,68099642356
CHOCÓ;ACANDÍ;-77,2800957148;8,51140193491
CHOCÓ;ALTO BAUDÓ;-76,9743941367;5,51630698233
CHOCÓ;ATRATO;-76,6365334497;5,53082848038
CHOCÓ;BAGADÓ;-76,4152936715;5,41055568413
CHOCÓ;BAHÍA SOLANO;-77,4020347686;6,22210938552
CHOCÓ;BAJO BAUDÓ;-77,3654122009;4,95462720339
CHOCÓ;BOJAYÁ;-76,883465791;6,556244573
CHOCÓ;EL CANTÓN DEL SAN PABLO;-76,726851998;5,33533455707
CHOCÓ;CARMEN DEL DARIÉN;-76,9707219132;7,15815746442
CHOCÓ;CÉRTEGUI;-76,6080268196;5,37158958934
CHOCÓ;CONDOTO;-76,6506792768;5,09100466095
CHOCÓ;EL CARMEN DE ATRATO;-76,1422304494;5,89975011243
CHOCÓ;EL LITORAL DEL SAN JUAN;-77,3633542391;4,25949242052
CHOCÓ;ISTMINA;-76,6851798282;5,15394631811
CHOCÓ;JURADÓ;-77,7627510362;7,10361916064
CHOCÓ;LLORÓ;-76,5450652111;5,49791739086
CHOCÓ;MEDIO ATRATO;-76,7824110519;5,99483377021
CHOCÓ;MEDIO BAUDÓ;-76,9496054043;5,1935609214
CHOCÓ;MEDIO SAN JUAN;-76,6933579115;5,10024096182
CHOCÓ;NÓVITA;-76,609467281;4,95606296389
CHOCÓ;NUQUÍ;-77,265866996;5,70952628172
CHOCÓ;RÍO IRÓ;-76,4729254478;5,18630155772
CHOCÓ;RÍO QUITO;-76,7410079656;5,48372631532
CHOCÓ;RIOSUCIO;-77,1131097247;7,43663369807
CHOCÓ;SAN JOSÉ DEL PALMAR;-76,232848825;4,89759308
CHOCÓ;SIPÍ;-76,6444041851;4,65120437592
CHOCÓ;TADÓ;-76,5584839714;5,26482627108
CHOCÓ;UNGUÍA;-77,0925373837;8,04406133438
CHOCÓ;UNIÓN PANAMERICANA;-76,6284048865;5,28109603952
HUILA;NEIVA;-75,2777314808;2,93555887476
HUILA;ACEVEDO;-75,8885349597;1,80526386823
HUILA;AGRADO;-75,7719044253;2,259730156
HUILA;AIPE;-75,2390312259;3,22359766887
HUILA;ALGECIRAS;-75,3153713579;2,52244696827
HUILA;ALTAMIRA;-75,7883602228;2,06371185583
HUILA;BARAYA;-75,0544887925;3,15255100755
HUILA;CAMPOALEGRE;-75,325759412;2,6868370205
HUILA;COLOMBIA;-74,8028152505;3,37697664839
HUILA;ELÍAS;-75,9380188082;2,01270035981
HUILA;GARZÓN;-75,6270510273;2,1964533881
HUILA;GIGANTE;-75,5476811212;2,38403102318
HUILA;GUADALUPE;-75,7570381788;2,0241600111
HUILA;HOBO;-75,4477305142;2,58082594244
HUILA;ÍQUIRA;-75,6345024698;2,64935228705
HUILA;ISNOS;-76,2176399095;1,92947064584
HUILA;LA ARGENTINA;-75,9797673085;2,19824600615
HUILA;LA PLATA;-75,8914521307;2,3896474978
HUILA;NÁTAGA;-75,8087812875;2,54535125354
HUILA;OPORAPA;-75,9951786162;2,02505692943
HUILA;PAICOL;-75,7729935935;2,44954939456
HUILA;PALERMO;-75,4348239701;2,88937485898
HUILA;PALESTINA;-76,1330745868;1,72344447572
HUILA;PITAL;-75,8040001118;2,26668106868
HUILA;PITALITO;-76,0490044984;1,85297434352
HUILA;RIVERA;-75,258550208;2,77757018071
HUILA;SALADOBLANCO;-76,0447691689;1,99319375367
HUILA;SAN AGUSTÍN;-76,2703587983;1,8810855128
HUILA;SANTA MARÍA;-75,5861244534;2,93974915231
HUILA;SUAZA;-75,7950572711;1,97584502137
HUILA;TARQUI;-75,8235763181;2,11132341997
HUILA;TESALIA;-75,7298384859;2,48605278998
HUILA;TELLO;-75,1387731609;3,06753684585
HUILA;TERUEL;-75,5670364688;2,74097042738
HUILA;TIMANÁ;-75,9320853384;1,97422503882
HUILA;VILLAVIEJA;-75,2171038079;3,21883156581
HUILA;YAGUARÁ;-75,5180231181;2,66469363692
LA GUAJIRA;RIOHACHA;-72,9114873118;11,5287502128
LA GUAJIRA;ALBANIA;-72,6123282482;11,1516112258
LA GUAJIRA;BARRANCAS;-72,7935757813;10,9586657579
LA GUAJIRA;DIBULLA;-73,3076206855;11,2715687878
LA GUAJIRA;DISTRACCIÓN;-72,8873913777;10,8984720802
LA GUAJIRA;EL MOLINO;-72,9267422648;10,6535029819
LA GUAJIRA;FONSECA;-72,8462546857;10,8866535788
LA GUAJIRA;HATONUEVO;-72,7590172472;11,0687421081
LA GUAJIRA;LA JAGUA DEL PILAR;-73,0725613221;10,5116713993
LA GUAJIRA;MAICAO;-72,2419044542;11,3783279454
LA GUAJIRA;MANAURE;-72,4395863069;11,7739428149
LA GUAJIRA;SAN JUAN DEL CESAR;-73,0005931272;10,7695782636
LA GUAJIRA;URIBIA;-72,2647599261;11,7146470766
LA GUAJIRA;URUMITA;-73,0125081065;10,5601686746
LA GUAJIRA;VILLANUEVA;-72,9776225919;10,6088113359
MAGDALENA;SANTA MARTA;-74,2002109893;11,2047725963
MAGDALENA;ALGARROBO;-74,061131388;10,1880372898
MAGDALENA;ARACATACA;-74,1867609537;10,5897988592
MAGDALENA;ARIGUANÍ;-74,2364991914;9,84705461368
MAGDALENA;CERRO DE SAN ANTONIO;-74,8684730704;10,3256533075
MAGDALENA;CHIVOLO;-74,6231370766;10,0268400946
MAGDALENA;CIÉNAGA;-74,2412855651;11,0066586077
MAGDALENA;CONCORDIA;-74,833031377;10,2573102662
MAGDALENA;EL BANCO;-73,9742847149;9,0087359751
MAGDALENA;EL PIÑÓN;-74,8232919445;10,4030943537
MAGDALENA;EL RETÉN;-74,2684546741;10,6106681998
MAGDALENA;FUNDACIÓN;-74,1913417387;10,5140917977
MAGDALENA;GUAMAL;-74,2236997384;9,14438638111
MAGDALENA;NUEVA GRANADA;-74,392235318;9,80154812175
MAGDALENA;PEDRAZA;-74,9154587828;10,1882048875
MAGDALENA;PIJIÑO DEL CARMEN;-74,4582175584;9,33195248638
MAGDALENA;PIVIJAY;-74,6135180767;10,4606939662
MAGDALENA;PLATO;-74,784684214;9,79677054749
MAGDALENA;PUEBLOVIEJO;-74,2824768666;10,9948385981
MAGDALENA;REMOLINO;-74,716139312;10,7021709717
MAGDALENA;SABANAS DE SAN ÁNGEL;-74,2139389889;10,0325378237
MAGDALENA;SALAMINA;-74,7941894058;10,4912293928
MAGDALENA;SAN SEBASTIÁN DE BUENAVISTA;-74,3516789515;9,24078172832
MAGDALENA;SAN ZENÓN;-74,4989888678;9,24506385456
MAGDALENA;SANTA ANA;-74,5668440377;9,32429335632
MAGDALENA;SANTA BÁRBARA DE PINTO;-74,7046839218;9,4322584701
MAGDALENA;SITIONUEVO;-74,7201694573;10,775407167
MAGDALENA;TENERIFE;-74,8607737651;9,8977882091
MAGDALENA;ZAPAYÁN;-74,7168957306;10,1683144095
MAGDALENA;ZONA BANANERA;-74,1400846875;10,7630254626
META;VILLAVICENCIO;-73,624562528;4,1238593011
META;ACACÍAS;-73,7659360698;3,99012009704
META;BARRANCA DE UPÍA;-72,9632757114;4,56720152053
META;CABUYARO;-72,7919811358;4,28592465004
META;CASTILLA LA NUEVA;-73,6881308587;3,82804244894
META;CUBARRAL;-73,8377386881;3,79361967387
META;CUMARAL;-73,4861069057;4,26953744789
META;EL CALVARIO;-73,7133268969;4,35261856617
META;EL CASTILLO;-73,7940123336;3,56383333473
META;EL DORADO;-73,8350177222;3,7399977854
META;FUENTEDEORO;-73,6179805402;3,46287020088
META;GRANADA;-73,7057158517;3,5466952856
META;GUAMAL;-73,7699625676;3,88014002777
META;MAPIRIPÁN;-72,1356448716;2,89643885969
META;MESETAS;-74,0443712626;3,38325958558
META;LA MACARENA;-73,7870674795;2,17821444079
META;URIBE;-74,3515437091;3,23965331351
META;LEJANÍAS;-74,0231951223;3,52474093193
META;PUERTO CONCORDIA;-72,7600452582;2,62308359227
META;PUERTO GAITÁN;-72,083078729;4,314485152
META;PUERTO LÓPEZ;-72,9574366102;4,09340699377
META;PUERTO LLERAS;-73,3738481508;3,27211893514
META;PUERTO RICO;-73,2065146907;2,93974329234
META;RESTREPO;-73,5646064827;4,26072972714
META;SAN CARLOS DE GUAROA;-73,2414110088;3,71053695717
META;SAN JUAN DE ARAMA;-73,8758311729;3,37372791392
META;SAN JUANITO;-73,6767015182;4,45818278703
META;SAN MARTÍN;-73,6956173593;3,70188012803
META;VISTAHERMOSA;-73,7510280336;3,1256671671
NARIÑO;PASTO;-77,27877597;1,21245507293
NARIÑO;ALBÁN;-77,0807152293;1,47496804045
NARIÑO;ALDANA;-77,7003576715;0,882181786542
NARIÑO;ANCUYÁ;-77,5145167557;1,2633075786
NARIÑO;ARBOLEDA;-77,1353971483;1,50354352592
NARIÑO;BARBACOAS;-78,1375768702;1,67144343524
NARIÑO;BELÉN;-77,0156674722;1,59563639683
NARIÑO;BUESACO;-77,1564755847;1,38144599558
NARIÑO;COLÓN;-77,0197774382;1,64387397047
NARIÑO;CONSACÁ;-77,4657291646;1,20762916553
NARIÑO;CONTADERO;-77,5494126615;0,910459437261
NARIÑO;CÓRDOBA;-77,5178993163;0,854572506919
NARIÑO;CUASPÚD;-77,7289485108;0,862979644125
NARIÑO;CUMBAL;-77,7922761776;0,906185196967
NARIÑO;CUMBITARA;-77,5781428707;1,6468385371
NARIÑO;CHACHAGÜÍ;-77,2816959;1,36032207453
NARIÑO;EL CHARCO;-78,1095349747;2,48008913955
NARIÑO;EL PEÑOL;-77,4385211287;1,45356662393
NARIÑO;EL ROSARIO;-77,334167969;1,74529986473
NARIÑO;EL TABLÓN DE GÓMEZ;-77,0967278598;1,42704940171
NARIÑO;EL TAMBO;-77,3902057813;1,4076491661
NARIÑO;FUNES;-77,4489750806;1,00113044411
NARIÑO;GUACHUCAL;-77,7315945908;0,959739983939
NARIÑO;GUAITARILLA;-77,5496855022;1,12963027843
NARIÑO;GUALMATÁN;-77,5686640969;0,919672117789
NARIÑO;ILES;-77,5209761227;0,969202404611
NARIÑO;IMUÉS;-77,4961681198;1,05513327782
NARIÑO;IPIALES;-77,6463999012;0,827735060636
NARIÑO;LA CRUZ;-76,9705345817;1,60134086722
NARIÑO;LA FLORIDA;-77,406436071;1,299192798
NARIÑO;LA LLANADA;-77,5807206702;1,47264363566
NARIÑO;LA TOLA;-78,1903918916;2,3982099715
NARIÑO;LA UNIÓN;-77,1311540017;1,60025484037
NARIÑO;LEIVA;-77,3062024933;1,93451165112
NARIÑO;LINARES;-77,5237925292;1,35078991287
NARIÑO;LOS ANDES;-77,5213314727;1,49454575815
NARIÑO;MAGÜÍ;-78,1810627951;1,76531109836
NARIÑO;MALLAMA;-77,864427399;1,14083809331
NARIÑO;MOSQUERA;-78,4529721975;2,5071274382
NARIÑO;NARIÑO;-77,3579742048;1,28897586144
NARIÑO;OLAYA HERRERA;-78,3256184482;2,34758357978
NARIÑO;OSPINA;-77,5660692089;1,05849067089
NARIÑO;FRANCISCO PIZARRO;-78,6581805636;2,04081311248
NARIÑO;POLICARPA;-77,458755671;1,62734987378
NARIÑO;POTOSÍ;-77,5727915178;0,806342052071
NARIÑO;PROVIDENCIA;-77,596587745;1,2376869879
NARIÑO;PUERRES;-77,5042106322;0,885125369631
NARIÑO;PUPIALES;-77,63350443;0,867138527
NARIÑO;RICAURTE;-77,9954468866;1,21293165479
NARIÑO;ROBERTO PAYÁN;-78,245659499;1,69774383269
NARIÑO;SAMANIEGO;-77,5944553745;1,33535141458
NARIÑO;SANDONÁ;-77,4730451357;1,28314414356
NARIÑO;SAN BERNARDO;-77,0475260871;1,51370439814
NARIÑO;SAN LORENZO;-77,2152397164;1,50333968093
NARIÑO;SAN PABLO;-77,0139256051;1,66942879125
NARIÑO;SAN PEDRO DE CARTAGO;-77,1194170341;1,55148084166
NARIÑO;SANTA BÁRBARA;-77,9797848955;2,44966434759
NARIÑO;SANTACRUZ;-77,6770220621;1,22198253409
NARIÑO;SAPUYES;-77,6202980414;1,03752383941
NARIÑO;TAMINANGO;-77,2802201494;1,57004727576
NARIÑO;TANGUA;-77,3926919626;1,0948780282
NARIÑO;SAN ANDRÉS DE TUMACO;-78,7638397247;1,80712244418
NARIÑO;TÚQUERRES;-77,6168833378;1,08519299564
NARIÑO;YACUANQUER;-77,4004765826;1,11579938415
NORTE DE SANTANDER;CÚCUTA;-72,5080651202;7,90558402069
NORTE DE SANTANDER;ÁBREGO;-73,2217345921;8,08178182803
NORTE DE SANTANDER;ARBOLEDAS;-72,7988785326;7,64297110663
NORTE DE SANTANDER;BOCHALEMA;-72,6470372457;7,61216882308
NORTE DE SANTANDER;BUCARASICA;-72,8679545898;8,04116298794
NORTE DE SANTANDER;CÁCOTA;-72,6420639099;7,26870600207
NORTE DE SANTANDER;CÁCHIRA;-73,0487542769;7,74089485038
NORTE DE SANTANDER;CHINÁCOTA;-72,601158456;7,60295918667
NORTE DE SANTANDER;CHITAGÁ;-72,665435191;7,1381248415
NORTE DE SANTANDER;CONVENCIÓN;-73,3372098547;8,47037222338
NORTE DE SANTANDER;CUCUTILLA;-72,7725742725;7,53899847059
NORTE DE SANTANDER;DURANIA;-72,6586018005;7,71477918347
NORTE DE SANTANDER;EL CARMEN;-73,4467003188;8,51059912297
NORTE DE SANTANDER;EL TARRA;-73,0948482229;8,57676937385
NORTE DE SANTANDER;EL ZULIA;-72,6046120661;7,93817417215
NORTE DE SANTANDER;GRAMALOTE;0,;0,
NORTE DE SANTANDER;HACARÍ;-73,1459704225;8,32170628125
NORTE DE SANTANDER;HERRÁN;-72,4835192832;7,50654351972
NORTE DE SANTANDER;LABATECA;-72,4958768009;7,29833227871
NORTE DE SANTANDER;LA ESPERANZA;-73,3278977166;7,63999106968
NORTE DE SANTANDER;LA PLAYA;-73,2386418368;8,21263296004
NORTE DE SANTANDER;LOS PATIOS;-72,5057141873;7,83324937685
NORTE DE SANTANDER;LOURDES;-72,8323786178;7,94542916211
NORTE DE SANTANDER;MUTISCUA;-72,7471428991;7,30027741166
NORTE DE SANTANDER;OCAÑA;-73,355814925;8,24746216282
NORTE DE SANTANDER;PAMPLONA;-72,64768472;7,37284757284
NORTE DE SANTANDER;PAMPLONITA;-72,6392033235;7,43674631412
NORTE DE SANTANDER;PUERTO SANTANDER;-72,4103128587;8,36094479506
NORTE DE SANTANDER;RAGONVALIA;-72,4767028257;7,57786103871
NORTE DE SANTANDER;SALAZAR;-72,8131235511;7,77367069702
NORTE DE SANTANDER;SAN CALIXTO;-73,2085273768;8,40242190738
NORTE DE SANTANDER;SAN CAYETANO;-72,6254110291;7,87553332058
NORTE DE SANTANDER;SANTIAGO;-72,7162440314;7,86567709707
NORTE DE SANTANDER;SARDINATA;-72,8007580493;8,08202065536
NORTE DE SANTANDER;SILOS;-72,7570633326;7,20479131268
NORTE DE SANTANDER;TEORAMA;-73,287073938;8,43812602697
NORTE DE SANTANDER;TIBÚ;-72,7342132578;8,63899279345
NORTE DE SANTANDER;TOLEDO;-72,4819073532;7,30770174274
NORTE DE SANTANDER;VILLA CARO;-72,9736512466;7,91428193861
NORTE DE SANTANDER;VILLA DEL ROSARIO;-72,4700680064;7,84748634411
QUINDÍO;ARMENIA;-75,6807545438;4,535987208
QUINDÍO;BUENAVISTA;-75,7395664635;4,36002504159
QUINDÍO;CALARCÁ;-75,6455330683;4,52148797904
QUINDÍO;CIRCASIA;-75,6365262734;4,61779473259
QUINDÍO;CÓRDOBA;-75,6878697204;4,39248649385
QUINDÍO;FILANDIA;-75,6586823883;4,67414703386
QUINDÍO;GÉNOVA;-75,790631528;4,20651089858
QUINDÍO;LA TEBAIDA;-75,786460159;4,45365278508
QUINDÍO;MONTENEGRO;-75,7498287033;4,56505578418
QUINDÍO;PIJAO;-75,7033166279;4,33504179687
QUINDÍO;QUIMBAYA;-75,7650742652;4,62438412181
QUINDÍO;SALENTO;-75,5708458112;4,63715372291
RISARALDA;PEREIRA;-75,7190152322;4,80532287092
RISARALDA;APÍA;-75,942359483;5,10652456009
RISARALDA;BALBOA;-75,9586806381;4,94900740381
RISARALDA;BELÉN DE UMBRÍA;-75,868216089;5,20064515187
RISARALDA;DOSQUEBRADAS;-75,6761693197;4,83402887527
RISARALDA;GUÁTICA;-75,7990077966;5,31536038013
RISARALDA;LA CELIA;-76,0030868756;5,00286711372
RISARALDA;LA VIRGINIA;-75,8802026174;4,89654777308
RISARALDA;MARSELLA;-75,7385816147;4,93556204249
RISARALDA;MISTRATÓ;-75,8828627404;5,29706285959
RISARALDA;PUEBLO RICO;-76,0306678019;5,22191328206
RISARALDA;QUINCHÍA;-75,7304104711;5,34044152422
RISARALDA;SANTA ROSA DE CABAL;-75,6234918103;4,87640374593
RISARALDA;SANTUARIO;-75,9645220611;5,07493802723
SANTANDER;BUCARAMANGA;-73,1325976221;7,11626842734
SANTANDER;AGUADA;-73,5232262196;6,16224498637
SANTANDER;ALBANIA;-73,9140635028;5,7589853512
SANTANDER;ARATOCA;-73,0178497692;6,694438882
SANTANDER;BARBOSA;-73,6159986977;5,93261018035
SANTANDER;BARICHARA;-73,2230998455;6,63423130708
SANTANDER;BARRANCABERMEJA;-73,8499567312;7,06496573153
SANTANDER;BETULIA;-73,2836713462;6,89952350256
SANTANDER;BOLÍVAR;-73,7713434117;5,98895175043
SANTANDER;CABRERA;-73,2465030679;6,59226462461
SANTANDER;CALIFORNIA;-72,9463686609;7,34788166378
SANTANDER;CAPITANEJO;-72,6954661576;6,52741643996
SANTANDER;CARCASÍ;-72,627083427;6,6287276598
SANTANDER;CEPITÁ;-72,9735370615;6,75351236838
SANTANDER;CERRITO;-72,6950486627;6,84027556538
SANTANDER;CHARALÁ;-73,1468716584;6,28434433944
SANTANDER;CHARTA;-72,9687942408;7,28081908866
SANTANDER;CHIMA;-73,3737319916;6,34435038365
SANTANDER;CHIPATÁ;-73,6371138841;6,06252035758
SANTANDER;CIMITARRA;-73,9525715248;6,32063022524
SANTANDER;CONCEPCIÓN;-72,694595635;6,76883643116
SANTANDER;CONFINES;-73,2405558524;6,35733168284
SANTANDER;CONTRATACIÓN;-73,4744250645;6,29055860254
SANTANDER;COROMORO;-73,0408156038;6,29499521987
SANTANDER;CURITÍ;-73,0693896277;6,6051082188
SANTANDER;EL CARMEN DE CHUCURÍ;-73,511267745;6,697907475
SANTANDER;EL GUACAMAYO;-73,496894218;6,24512015463
SANTANDER;EL PEÑÓN;-73,8156489155;6,05505062658
SANTANDER;EL PLAYÓN;-73,2028762556;7,47071669899
SANTANDER;ENCINO;-73,0987358142;6,13741450884
SANTANDER;ENCISO;-72,6996509127;6,66803370305
SANTANDER;FLORIÁN;-73,9714235605;5,80465898835
SANTANDER;FLORIDABLANCA;-73,0990307075;7,07236450273
SANTANDER;GALÁN;-73,2877642173;6,638415125
SANTANDER;GÁMBITA;-73,3441797754;5,94597839459
SANTANDER;GIRÓN;-73,1667133582;7,07052391696
SANTANDER;GUACA;-72,8563231479;6,87656058399
SANTANDER;GUADALUPE;-73,4192939265;6,24584325297
SANTANDER;GUAPOTÁ;-73,3206973026;6,30858560635
SANTANDER;GUAVATÁ;-73,7008028162;5,95413334223
SANTANDER;GÜEPSA;-73,5748541849;6,02517506342
SANTANDER;HATO;-73,3082704431;6,543874338
SANTANDER;JESÚS MARÍA;-73,7833343323;5,87654384542
SANTANDER;JORDÁN;-73,0960393391;6,73273201198
SANTANDER;LA BELLEZA;-73,9656247433;5,85955359883
SANTANDER;LANDÁZURI;-73,8110930176;6,21874730469
SANTANDER;LA PAZ;-73,5895994589;6,17850468664
SANTANDER;LEBRIJA;-73,2195525933;7,11335571687
SANTANDER;LOS SANTOS;-73,1026597725;6,75517251979
SANTANDER;MACARAVITA;-72,5931111569;6,50658059488
SANTANDER;MÁLAGA;-72,7323808831;6,70305452003
SANTANDER;MATANZA;-73,0155652728;7,32318040602
SANTANDER;MOGOTES;-72,9698135047;6,47521108164
SANTANDER;MOLAGAVITA;-72,8094754311;6,6743545443
SANTANDER;OCAMONTE;-73,1225558791;6,33999508462
SANTANDER;OIBA;-73,2997849665;6,26517211387
SANTANDER;ONZAGA;-72,8167547282;6,34409903428
SANTANDER;PALMAR;-73,2910906977;6,53778291763
SANTANDER;PALMAS DEL SOCORRO;-73,287762166;6,40613939878
SANTANDER;PÁRAMO;-73,1703905871;6,41659506947
SANTANDER;PIEDECUESTA;-73,0545933904;6,99735677431
SANTANDER;PINCHOTE;-73,1729190191;6,53206093514
SANTANDER;PUENTE NACIONAL;-73,6781328396;5,87796256489
SANTANDER;PUERTO PARRA;-74,0560908372;6,65080789008
SANTANDER;PUERTO WILCHES;-73,899334022;7,349066143
SANTANDER;RIONEGRO;-73,150142083;7,26500895024
SANTANDER;SABANA DE TORRES;-73,4990518794;7,39191179389
SANTANDER;SAN ANDRÉS;-72,8489688078;6,81150917867
SANTANDER;SAN BENITO;-73,5091199864;6,12666534773
SANTANDER;SAN GIL;-73,1351665257;6,55295530633
SANTANDER;SAN JOAQUÍN;-72,8676409519;6,42755440169
SANTANDER;SAN JOSÉ DE MIRANDA;-72,7336238268;6,6589966561
SANTANDER;SAN MIGUEL;-72,6441554258;6,57562710592
SANTANDER;SAN VICENTE DE CHUCURÍ;-73,4110187818;6,88037882713
SANTANDER;SANTA BÁRBARA;-72,9073349905;6,99050924374
SANTANDER;SANTA HELENA DEL OPÓN;-73,6167961577;6,33964198008
SANTANDER;SIMACOTA;-73,3373665723;6,44346957242
SANTANDER;SOCORRO;-73,2611960328;6,46385144732
SANTANDER;SUAITA;-73,438416356;6,10353145
SANTANDER;SUCRE;-73,79097771;5,91874038228
SANTANDER;SURATÁ;-72,9842351772;7,3665825175
SANTANDER;TONA;-72,967024817;7,20140058159
SANTANDER;VALLE DE SAN JOSÉ;-73,1437389075;6,44778897572
SANTANDER;VÉLEZ;-73,666299069;6,010953449
SANTANDER;VETAS;-72,8710436133;7,30980555024
SANTANDER;VILLANUEVA;-73,1743072555;6,6700764461
SANTANDER;ZAPATOCA;-73,2679103601;6,81433905181
SUCRE;SINCELEJO;-75,395481772;9,30233021687
SUCRE;BUENAVISTA;-74,9730193151;9,31985711931
SUCRE;CAIMITO;-75,1171440547;8,78932537693
SUCRE;COLOSÓ;-75,353257884;9,49419213204
SUCRE;COROZAL;-75,2931493701;9,31910061656
SUCRE;COVEÑAS;-75,6800839749;9,4028636807
SUCRE;CHALÁN;-75,3126950363;9,54535812429
SUCRE;EL ROBLE;-75,1984347707;9,10066970519
SUCRE;GALERAS;-75,0494186572;9,15967339965
SUCRE;GUARANDA;-74,538345419;8,464847043
SUCRE;LA UNIÓN;-75,2760559341;8,85397531911
SUCRE;LOS PALMITOS;-75,268750942;9,3802289505
SUCRE;MAJAGUAL;-74,6281041912;8,54071408117
SUCRE;MORROA;-75,306200083;9,33132173665
SUCRE;OVEJAS;-75,2290829562;9,52668815702
SUCRE;PALMITO;-75,5412570386;9,33310204871
SUCRE;SAMPUÉS;-75,3802942192;9,18312851604
SUCRE;SAN BENITO ABAD;-75,0311600711;8,92996976102
SUCRE;SAN JUAN DE BETULIA;-75,2435648458;9,27306592979
SUCRE;SAN MARCOS;-75,134084767;8,66194596532
SUCRE;SAN ONOFRE;-75,5230283613;9,7369328609
SUCRE;SAN PEDRO;-75,0634845353;9,39596570901
SUCRE;SAN LUIS DE SINCÉ;-75,1460313941;9,24419660827
SUCRE;SUCRE;-74,7232228452;8,81174045357
SUCRE;SANTIAGO DE TOLÚ;-75,5811043366;9,52547457425
SUCRE;TOLÚ VIEJO;-75,4408214257;9,45183874964
TOLIMA;IBAGUÉ;-75,1953679078;4,43280938914
TOLIMA;ALPUJARRA;-74,932858783;3,39173454082
TOLIMA;ALVARADO;-74,9535551796;4,56734522829
TOLIMA;AMBALEMA;-74,7644428804;4,78263242067
TOLIMA;ANZOÁTEGUI;-75,093777187;4,63175549718
TOLIMA;ARMERO;-74,8844145941;5,03067791424
TOLIMA;ATACO;-75,3825339259;3,59063460119
TOLIMA;CAJAMARCA;-75,435485263;4,436677041
TOLIMA;CARMEN DE APICALÁ;-74,7163719929;4,15094359506
TOLIMA;CASABIANCA;-75,1209613635;5,07846279395
TOLIMA;CHAPARRAL;-75,4807434103;3,72306834875
TOLIMA;COELLO;-74,8984673202;4,28728335548
TOLIMA;COYAIMA;-75,193878839;3,79803620302
TOLIMA;CUNDAY;-74,6922267118;4,05925948571
TOLIMA;DOLORES;-74,8968518333;3,53903159826
TOLIMA;ESPINAL;-74,8854483928;4,1513156087
TOLIMA;FALAN;-74,9530204607;5,12310402379
TOLIMA;FLANDES;-74,8187677213;4,2763717138
TOLIMA;FRESNO;-75,0356196095;5,15363945469
TOLIMA;GUAMO;-74,9681289601;4,03100475679
TOLIMA;HERVEO;-75,1771319171;5,08023410848
TOLIMA;HONDA;-74,741577974;5,2015089
TOLIMA;ICONONZO;-74,5319791006;4,17643908974
TOLIMA;LÉRIDA;-74,9106356889;4,86202531088
TOLIMA;LÍBANO;-75,0619532821;4,92041843293
TOLIMA;SAN SEBASTIÁN DE MARIQUITA;-74,8892907058;5,19969320383
TOLIMA;MELGAR;-74,6409314721;4,20394596681
TOLIMA;MURILLO;-75,1710222819;4,87434134976
TOLIMA;NATAGAIMA;-75,0931111288;3,62438908901
TOLIMA;ORTEGA;-75,2226023939;3,93491661562
TOLIMA;PALOCABILDO;-75,02222013;5,1208856555
TOLIMA;PIEDRAS;-74,8780727204;4,54390984155
TOLIMA;PLANADAS;-75,6439602657;3,19765191111
TOLIMA;PRADO;-74,9274588097;3,75101224596
TOLIMA;PURIFICACIÓN;-74,9353707228;3,8572509421
TOLIMA;RIOBLANCO;-75,6443757976;3,52986047716
TOLIMA;RONCESVALLES;-75,6059994575;4,01159480735
TOLIMA;ROVIRA;-75,2408706668;4,2389330111
TOLIMA;SALDAÑA;-75,0167694661;3,92970073078
TOLIMA;SAN ANTONIO;-75,4799125909;3,9140451612
TOLIMA;SAN LUIS;-75,0957912296;4,13371813034
TOLIMA;SANTA ISABEL;-75,0979346338;4,71359930225
TOLIMA;SUÁREZ;-74,831889635;4,04888384846
TOLIMA;VALLE DE SAN JUAN;-75,1156695836;4,19749423898
TOLIMA;VENADILLO;-74,9291695928;4,71796619302
TOLIMA;VILLAHERMOSA;-75,1177255467;5,03045611726
TOLIMA;VILLARRICA;-74,6002427195;3,93692369495
VALLE DEL CAUCA;CALI;-76,5215601611;3,4144187719
VALLE DEL CAUCA;ALCALÁ;-75,779812612;4,67498960531
VALLE DEL CAUCA;ANDALUCÍA;-76,1679219749;4,17172541604
VALLE DEL CAUCA;ANSERMANUEVO;-75,9919821845;4,79492075239
VALLE DEL CAUCA;ARGELIA;-76,1199028275;4,72695251407
VALLE DEL CAUCA;BOLÍVAR;-76,1835731619;4,33784247096
VALLE DEL CAUCA;BUENAVENTURA;-77,0117477782;3,87580334574
VALLE DEL CAUCA;GUADALAJARA DE BUGA;-76,2989614887;3,90082284434
VALLE DEL CAUCA;BUGALAGRANDE;-76,1568083286;4,20833111175
VALLE DEL CAUCA;CAICEDONIA;-75,8303183393;4,33460564018
VALLE DEL CAUCA;CALIMA;-76,4843909802;3,93352588351
VALLE DEL CAUCA;CANDELARIA;-76,3464295384;3,4077643196
VALLE DEL CAUCA;CARTAGO;-75,942264044;4,758755097
VALLE DEL CAUCA;DAGUA;-76,6889953357;3,65666318922
VALLE DEL CAUCA;EL ÁGUILA;-76,0427931347;4,90602658761
VALLE DEL CAUCA;EL CAIRO;-76,2216047795;4,76088330419
VALLE DEL CAUCA;EL CERRITO;-76,3117262705;3,68425970818
VALLE DEL CAUCA;EL DOVIO;-76,2370824654;4,51045798809
VALLE DEL CAUCA;FLORIDA;-76,234503193;3,3239196011
VALLE DEL CAUCA;GINEBRA;-76,2680666157;3,72418135814
VALLE DEL CAUCA;GUACARÍ;-76,3313674083;3,76290954608
VALLE DEL CAUCA;JAMUNDÍ;-76,5391224672;3,25932906918
VALLE DEL CAUCA;LA CUMBRE;-76,5679334087;3,64944411346
VALLE DEL CAUCA;LA UNIÓN;-76,0996048731;4,53378338837
VALLE DEL CAUCA;LA VICTORIA;-76,0365293203;4,52360126987
VALLE DEL CAUCA;OBANDO;-75,9746885479;4,57572205449
VALLE DEL CAUCA;PALMIRA;-76,2985815873;3,53234954501
VALLE DEL CAUCA;PRADERA;-76,2418197435;3,41982721892
VALLE DEL CAUCA;RESTREPO;-76,5231163453;3,82134249406
VALLE DEL CAUCA;RIOFRÍO;-76,2883093841;4,15690638946
VALLE DEL CAUCA;ROLDANILLO;-76,1522876963;4,41359519174
VALLE DEL CAUCA;SAN PEDRO;-76,2285395519;3,99499221389
VALLE DEL CAUCA;SEVILLA;-75,9316229697;4,27071412891
VALLE DEL CAUCA;TORO;-76,0768506524;4,60808704867
VALLE DEL CAUCA;TRUJILLO;-76,3188096264;4,21205460862
VALLE DEL CAUCA;TULUÁ;-76,1977002572;4,08526067539
VALLE DEL CAUCA;ULLOA;-75,7378129291;4,7036280475
VALLE DEL CAUCA;VERSALLES;-76,1992067017;4,57502307699
VALLE DEL CAUCA;VIJES;-76,4419648892;3,69858937984
VALLE DEL CAUCA;YOTOCO;-76,3824738774;3,8612150819
VALLE DEL CAUCA;YUMBO;-76,4992290977;3,54003276229
VALLE DEL CAUCA;ZARZAL;-76,0708484414;4,39262199427
ARAUCA;ARAUCA;-70,748009803;7,07390170095
ARAUCA;ARAUQUITA;-71,4267498586;7,02698088637
ARAUCA;CRAVO NORTE;-70,2035859163;6,30345968824
ARAUCA;FORTUL;-71,7685562393;6,79707707295
ARAUCA;PUERTO RONDÓN;-71,1033929512;6,28146282154
ARAUCA;SARAVENA;-71,8723328706;6,95386030424
ARAUCA;TAME;-71,7537617572;6,45344199261
CASANARE;YOPAL;-72,3969155417;5,32761201728
CASANARE;AGUAZUL;-72,5463004198;5,17269004261
CASANARE;CHÁMEZA;-72,8702376042;5,21431249951
CASANARE;HATO COROZAL;-71,7649240225;6,15617263862
CASANARE;LA SALINA;-72,3349588132;6,12768708902
CASANARE;MANÍ;-72,2813966623;4,81682498993
CASANARE;MONTERREY;-72,8950348515;4,87684630992
CASANARE;NUNCHÍA;-72,1950710689;5,63666390187
CASANARE;OROCUÉ;-71,3385186268;4,79026959264
CASANARE;PAZ DE ARIPORO;-71,8909234158;5,88003712521
CASANARE;PORE;-71,9928594902;5,72773022764
CASANARE;RECETOR;-72,7611443018;5,22949241387
CASANARE;SABANALARGA;-73,0387237641;4,85461982071
CASANARE;SÁCAMA;-72,2502768792;6,09697473148
CASANARE;SAN LUIS DE PALENQUE;-71,7324374971;5,42230235915
CASANARE;TÁMARA;-72,161823137;5,82982360982
CASANARE;TAURAMENA;-72,7472511701;5,01920691152
CASANARE;TRINIDAD;-71,6633415586;5,41221523214
CASANARE;VILLANUEVA;-72,9280536201;4,61007185165
PUTUMAYO;MOCOA;-76,6515068624;1,1525800991
PUTUMAYO;COLÓN;-76,9723019042;1,18982685673
PUTUMAYO;ORITO;-76,8730276477;0,663818348772
PUTUMAYO;PUERTO ASÍS;-76,4972710861;0,505047577006
PUTUMAYO;PUERTO CAICEDO;-76,6057791692;0,6877836264
PUTUMAYO;PUERTO GUZMÁN;-76,408521789;0,962923612274
PUTUMAYO;PUERTO LEGUÍZAMO;-74,7824713482;-0,191870260599
PUTUMAYO;SIBUNDOY;-76,9174823545;1,20011541585
PUTUMAYO;SAN FRANCISCO;-76,8792415368;1,17421702835
PUTUMAYO;SAN MIGUEL;-76,9124101199;0,343270468548
PUTUMAYO;SANTIAGO;-77,0021350607;1,14728349518
PUTUMAYO;VALLE DEL GUAMUEZ;-76,9059683227;0,423903933588
PUTUMAYO;VILLAGARZÓN;-76,6171636979;1,02893997049
ARCHIPIÉLAGO DE SAN ANDRÉS, PROVIDENCIA Y;SAN ANDRÉS;-81,7071295349;12,578137767
ARCHIPIÉLAGO DE SAN ANDRÉS, PROVIDENCIA Y;PROVIDENCIA;-81,3683764737;13,3731850797
AMAZONAS;LETICIA;-69,9415818923;-4,19844539201
AMAZONAS;PUERTO NARIÑO;-70,3645171446;-3,7804454367
GUAINÍA;INÍRIDA;-67,9186012392;3,86662347201
GUAVIARE;SAN JOSÉ DEL GUAVIARE;-72,6390287201;2,56608342423
GUAVIARE;CALAMAR;-72,6551728661;1,96010887255
GUAVIARE;EL RETORNO;-72,6271855241;2,33015845935
GUAVIARE;MIRAFLORES;-71,9505425816;1,3375761026
VAUPÉS;MITÚ;-70,2347514774;1,25118655571
VAUPÉS;CARURÚ;-71,297793263;1,014600462
VAUPÉS;TARAIRA;-69,6402663643;-0,568198309995
VICHADA;PUERTO CARREÑO;-67,4869961433;6,1868629253
VICHADA;LA PRIMAVERA;-70,4104207997;5,48633716237
VICHADA;SANTA ROSALÍA;-70,859744312;5,13643185127
VICHADA;CUMARIBO;-69,7955302016;4,44635160128
TOLIMA;ARMERO GUAYABAL;-74,8844145941;5,03067791424
AMAZONAS;EL ENCANTO;-73,2075569171;-1,74739132356
AMAZONAS;MIRITÍ - PARANÁ;-70,988924346;-0,88883176195
GUAINÍA;BARRANCO MINAS;-69,8132480332;3,49400987689
GUAINÍA;PUERTO COLOMBIA;-67,5667868341;2,72646647625
AMAZONAS;LA PEDRERA;-69,588421017;-1,319313553
